id,name,email,password,role,created_at,updated_at
1,John Doe,johndoe@example.com,password123,user,2024-01-01 08:30:00,2024-01-01 08:30:00
2,Jane Smith,janesmith@example.com,password123,user,2024-01-02 09:00:00,2024-01-02 09:00:00
3,James Brown,jamesbrown@example.com,password123,user,2024-01-03 10:15:00,2024-01-03 10:15:00
4,Emily Davis,emilydavis@example.com,password123,user,2024-01-04 11:20:00,2024-01-04 11:20:00
5,Michael Johnson,michaeljohnson@example.com,password123,user,2024-01-05 12:10:00,2024-01-05 12:10:00
6,Sarah Wilson,sarahwilson@example.com,password123,user,2024-01-06 13:25:00,2024-01-06 13:25:00
7,David Lee,davidlee@example.com,password123,user,2024-01-07 14:30:00,2024-01-07 14:30:00
8,Laura Martinez,lauramartinez@example.com,password123,user,2024-01-08 15:40:00,2024-01-08 15:40:00
9,Robert Taylor,roberttaylor@example.com,password123,user,2024-01-09 16:50:00,2024-01-09 16:50:00
10,Alice Thomas,alicethomas@example.com,password123,user,2024-01-10 17:55:00,2024-01-10 17:55:00
11,Chris Evans,chrisevans@example.com,password123,user,2024-01-11 18:30:00,2024-01-11 18:30:00
12,Emma Watson,emmawatson@example.com,password123,user,2024-01-12 19:00:00,2024-01-12 19:00:00
13,Robert Downey,robertdowney@example.com,password123,user,2024-01-13 20:15:00,2024-01-13 20:15:00
14,Scarlett Johansson,scarlettjohansson@example.com,password123,user,2024-01-14 21:20:00,2024-01-14 21:20:00
15,Chris Hemsworth,chrishemsworth@example.com,password123,user,2024-01-15 22:10:00,2024-01-15 22:10:00
16,Tom Holland,tomholland@example.com,password123,user,2024-02-16 18:30:00,2024-02-16 18:30:00
17,Gal Gadot,galgadot@example.com,password123,user,2024-02-17 19:00:00,2024-02-17 19:00:00
18,Mark Ruffalo,markruffalo@example.com,password123,user,2024-02-18 20:15:00,2024-02-18 20:15:00
19,Brie Larson,brielarson@example.com,password123,user,2024-02-19 21:20:00,2024-02-19 21:20:00
20,Paul Rudd,paulrudd@example.com,password123,user,2024-02-20 22:10:00,2024-02-20 22:10:00